## 连表查询

mysql的临时表没有任何索引，编写关联查询与子查询时候需要注意这一点

MySQL UNION 操作符用于连接两个以上的 SELECT 语句的结果组合到一个结果集合中。多个 SELECT 语句会删除重复的数据。


链表查询的执行顺序,是由优化器决定的 并不绝对是从前到后 或者从后到前

循环嵌套查询(有的时候循环嵌套可以使用hash关联)
n个表关联，就要做n个阶乘

笛卡尔积
内连接
外连接  left join  , right join
union
子查询


#### 构建模拟数据

电影表

    mysql> create table film(film_id int unsigned not null auto_increment primary key,
    title char(64) not null default '',
    release_year char(10) not null default '',
    )engine=innodb charset=utf8mb4;
    
    mysql> INSERT INTO sakila.film (film_id, title, release_year) VALUES (1, 'wobushiyaoshen', '2019');
    mysql> INSERT INTO sakila.film (film_id, title, release_year) VALUES (2, 'tangrenjietanan', '2019');
    mysql> INSERT INTO sakila.film (film_id, title, release_year) VALUES (3, 'yinhebuxiban', '2012');
    mysql> INSERT INTO sakila.film (film_id, title, release_year) VALUES (4, 'jingchagushi', '2008');   
    
演员表
    
    mysql> create table actor(actor_id int unsigned not null default 0,actor_name char(50));
    Query OK, 0 rows affected (0.05 sec)
    
    mysql> INSERT INTO sakila.actor (actor_id, actor_name) VALUES (1, 'xuzheng');
    mysql> INSERT INTO sakila.actor (actor_id, actor_name) VALUES (2, 'chenglong');
    mysql> INSERT INTO sakila.actor (actor_id, actor_name) VALUES (3, 'dengchao');
    mysql> INSERT INTO sakila.actor (actor_id, actor_name) VALUES (4, 'sunhonglei');
    mysql> INSERT INTO sakila.actor (actor_id, actor_name) VALUES (5, 'wangbaoqiang');
    
演员与电影关系映射表
    
    mysql> create table film_actor(film_id int unsigned not null default 0,actor_id int unsigned not null default 0);
    Query OK, 0 rows affected (0.06 sec)
    
    mysql> INSERT INTO sakila.film (film_id, title, release_year) VALUES (1, 'wobushiyaoshen', '2019');
    mysql> INSERT INTO sakila.film (film_id, title, release_year) VALUES (2, 'tangrenjietanan', '2019');
    mysql> INSERT INTO sakila.film (film_id, title, release_year) VALUES (3, 'yinhebuxiban', '2012');
    mysql> INSERT INTO sakila.film (film_id, title, release_year) VALUES (4, 'jingchagushi', '2008');

联合查询语句

    mysql> select film.title,film.release_year,actor.actor_id,actor.actor_name
        -> from film 
        ->     inner join film_actor using(film_id)
        ->     inner join actor using (actor_id);
    +-----------------+--------------+----------+--------------+
    | title           | release_year | actor_id | actor_name   |
    +-----------------+--------------+----------+--------------+
    | jingchagushi    | 2008         |        2 | chenglong    |
    | wobushiyaoshen  | 2019         |        1 | xuzheng      |
    | yinhebuxiban    | 2012         |        3 | dengchao     |
    | tangrenjietanan | 2019         |        5 | wangbaoqiang |
    +-----------------+--------------+----------+--------------+
    4 rows in set (0.00 sec)

即使`film`表中没有`actor_id`字段,但是先与映射表`join`之后,相当于动态将`film`的列进行扩展,使`film`表具有了`actor_id`列.从而可以直接与第三张表`actor`联合.

刚才构建的数据是单对单的,即一部电影只有一个演员,现在构建多对一.一个电影有多个演员.

    insert into actor(actor_name) values('wangchuanjun'),('wuyanzu');
    insert into film_actor(film_id, actor_id) values(4,7),(1,6);

查出每位演员的参演电影列表.    
    
    mysql> select film.title,film.release_year,actor.actor_id,actor.actor_name
        -> from film 
        ->     inner join film_actor using(film_id)
        ->     inner join actor using (actor_id);
    +---------+-----------------+--------------+----------+--------------+
    | film_id | title           | release_year | actor_id | actor_name   |
    +---------+-----------------+--------------+----------+--------------+
    |       4 | jingchagushi    | 2008         |        2 | chenglong    |
    |       1 | wobushiyaoshen  | 2019         |        1 | xuzheng      |
    |       3 | yinhebuxiban    | 2012         |        3 | dengchao     |
    |       2 | tangrenjietanan | 2019         |        5 | wangbaoqiang |
    |       4 | jingchagushi    | 2008         |        7 | wuyanzu      |
    |       1 | wobushiyaoshen  | 2019         |        6 | wangchuanjun |
    +---------+-----------------+--------------+----------+--------------+
    6 rows in set (0.00 sec)

找到指定演员参演的所有电影,一般情况下,如果子查询效率比较差时,可以考虑将子查询重写为左外连接查询.

    mysql> explain select * from film where film_id in (select film_id from film_actor where actor_id=1);

`union`涉及到排序问题,尽量减少排序结果集大小.

    mysql > (select  actor_name from actor order by actor_name) union all (select actor_name from customer order by actor_name) limit 20;
     
    mysql > (select  actor_name from actor order by actor_name limit 20) 
          > union all 
          > (select actor_name from customer order by actor_name limit 20) limit 20; 